CustomerID,Age,Gender,AnnualIncome,SpendingScore,WorkExperience,FamilySize,OnlinePurchaseFreq,OfflinePurchaseFreq,AvgTransactionValue,LoyaltyPoints,PaymentPreference,ComplaintsFiled,CityTier,SavingsRate
1,56,Male,65648,5,16,5,21,7,164.42,1969,Cash,3,3,35.01
2,69,Male,123537,84,11,4,14,9,282.07,211,Credit,0,3,47.73
3,46,Male,145991,65,5,1,0,15,429.68,507,Cash,0,1,20.13
4,32,Female,29516,30,25,1,11,18,335.13,331,Debit,3,1,43.25
5,60,Male,132863,21,26,5,2,10,220.52,550,UPI,1,3,8.99
6,25,Male,135005,84,7,4,10,12,476.79,941,Debit,2,2,18.19
7,38,Male,22396,70,18,7,1,8,361.03,727,Cash,8,1,9.54
8,56,Female,104082,22,0,1,15,19,465.43,4975,Debit,1,2,48.86
9,36,Female,39129,82,28,1,8,18,266.16,2862,UPI,3,2,14.14
10,40,Male,148322,72,34,4,14,15,133.16,3243,Debit,0,3,43.33
11,28,Male,21591,32,39,3,11,6,31.15,648,UPI,1,2,56.65
12,28,Male,31303,33,13,1,0,18,364.41,2737,Credit,4,1,32.14
13,41,Male,50561,16,34,2,12,11,65.04,2747,Cash,9,3,32.86
14,53,Female,91719,76,19,4,13,14,154.87,1009,UPI,0,2,28.2
15,57,Female,138618,38,12,1,24,13,268.57,1550,UPI,6,2,20.23
16,41,Female,112108,98,37,5,24,10,284.39,803,Debit,3,1,29.06
17,20,Female,148748,14,7,6,7,9,302.29,4080,Credit,5,2,36.57
18,39,Male,119616,36,19,2,7,10,87.3,4309,UPI,7,1,59.17
19,19,Male,144165,97,32,6,26,5,192.97,4264,Credit,5,1,56.33
20,41,Male,106231,23,25,6,29,1,310.51,3401,Credit,1,2,51.87
21,61,Female,27314,66,38,1,11,10,485.06,4241,Debit,0,1,53.46
22,47,Male,137071,85,20,2,0,18,365.18,4611,UPI,7,2,28.6
23,55,Female,39623,2,8,2,10,5,461.69,3161,Debit,7,1,39.79
24,19,Female,87675,91,23,3,7,13,382.29,4548,Cash,8,2,53.81
25,38,Male,132992,73,36,6,9,19,297.9,4155,Cash,5,1,24.18
26,50,Male,116826,65,16,2,29,5,100.05,527,UPI,0,1,57.74
27,29,Male,85082,75,23,3,18,16,335.01,3298,Credit,8,1,25.53
28,39,Female,149839,67,20,4,10,9,313.57,1023,UPI,2,3,36.46
29,61,Male,103624,52,38,3,6,0,303.22,3734,UPI,5,3,42.88
30,42,Female,125228,62,38,5,10,2,247.44,432,Cash,9,1,57.08
31,66,Male,53130,23,12,7,16,7,266.69,1176,Cash,9,3,15.43
32,44,Female,71756,26,10,1,0,7,170.55,400,Credit,8,2,45.02
33,59,Female,117624,68,18,4,25,19,262.06,2104,Credit,2,3,31.73
34,45,Male,46292,82,10,7,28,14,102.79,3050,UPI,4,1,16.84
35,33,Female,131785,55,12,7,20,6,403.56,2233,Debit,4,2,46.82
36,32,Female,147331,6,0,4,20,10,96.96,2445,UPI,9,1,33.58
37,64,Male,106206,35,39,5,7,6,47.06,4700,Credit,6,1,40.0
38,68,Female,89274,22,18,3,22,3,220.94,2835,Debit,3,3,20.05
39,61,Male,22469,43,11,1,23,11,330.86,2513,Cash,3,2,29.4
40,69,Female,73947,15,7,3,5,5,221.67,1773,Credit,6,1,37.42
41,20,Male,42534,86,7,2,21,13,141.99,1096,Credit,8,1,24.89
42,54,Male,83620,60,11,3,17,11,281.29,928,Debit,3,2,12.7
43,68,Female,68874,12,32,4,5,10,176.77,1951,Credit,3,2,57.74
44,24,Female,69708,49,25,1,4,18,466.77,1973,Credit,5,1,31.18
45,38,Female,94553,42,38,3,12,4,461.71,1554,Credit,5,3,44.3
46,26,Female,88344,38,27,1,18,13,253.67,2778,Credit,6,1,25.25
47,56,Female,69138,82,4,1,21,15,167.3,4421,Credit,0,1,21.95
48,35,Male,74302,45,7,2,7,12,369.88,994,Credit,2,3,25.02
49,21,Female,67638,35,24,2,8,19,23.17,612,Credit,8,1,25.14
50,42,Male,98249,30,26,4,16,3,240.01,2593,Credit,5,1,33.11
51,31,Male,125865,88,22,5,2,10,171.48,595,Cash,5,2,33.06
52,67,Female,22719,30,29,7,18,16,460.67,841,Credit,4,3,30.33
53,26,Male,42890,78,22,1,10,6,10.94,4439,Cash,2,1,8.95
54,43,Male,97236,6,19,5,23,13,278.64,858,Cash,4,3,30.27
55,19,Male,56509,67,17,7,16,10,371.63,444,UPI,0,3,10.98
56,37,Male,62534,80,17,7,20,8,245.08,1788,UPI,2,1,8.44
57,45,Female,122302,7,1,4,18,12,47.27,4317,Cash,3,2,56.03
58,64,Male,112241,52,3,7,1,17,486.37,3454,Cash,4,1,36.69
59,24,Female,38787,14,29,7,7,10,261.42,3952,Credit,9,2,39.91
60,61,Female,146209,73,32,1,18,14,309.02,4687,UPI,8,3,24.71
61,25,Male,68845,15,35,1,6,18,122.12,1030,Debit,3,3,54.63
62,64,Female,77932,21,17,6,27,0,244.33,1295,UPI,2,1,38.64
63,52,Female,112124,35,36,5,26,3,217.43,2063,Cash,9,2,46.38
64,31,Female,111659,66,18,3,16,13,42.07,1447,Cash,0,2,22.75
65,34,Male,53062,91,27,2,5,13,57.55,2045,Credit,9,1,57.64
66,53,Female,95713,2,39,3,18,2,419.55,4619,Credit,5,1,49.41
67,67,Female,107263,35,19,5,23,16,123.71,2850,UPI,6,1,51.38
68,57,Female,115756,82,32,2,5,2,101.5,3824,Credit,9,2,11.16
69,21,Male,80461,78,11,3,27,15,254.93,2068,Debit,7,2,16.99
70,19,Female,95418,20,14,6,1,13,385.53,3761,Debit,0,1,17.85
71,23,Male,86672,82,38,2,5,19,35.66,2275,Credit,3,3,16.98
72,59,Male,148232,10,1,1,22,12,290.52,1808,Debit,4,3,51.47
73,21,Male,54832,25,28,3,4,14,64.01,1311,Debit,1,2,2.88
74,46,Male,147335,66,9,2,18,13,23.05,4055,UPI,0,1,5.49
75,35,Male,51966,25,1,6,19,18,31.11,2451,Debit,7,2,17.16
76,43,Male,92545,54,10,7,3,5,417.91,1089,Cash,5,1,12.79
77,61,Female,32987,33,12,2,21,9,63.4,1672,Cash,4,1,14.68
78,51,Male,57311,36,9,2,25,14,27.35,3675,UPI,8,2,48.08
79,27,Female,51575,95,13,6,16,19,221.76,4532,Credit,1,1,34.22
80,53,Female,83852,14,17,7,10,5,422.78,4924,UPI,9,1,1.34
81,31,Male,147650,65,8,3,3,9,134.89,4354,Credit,7,1,26.33
82,48,Female,21007,80,38,4,25,6,213.75,2003,Credit,9,1,25.07
83,65,Female,90981,54,27,3,12,16,24.76,4198,Credit,8,1,7.72
84,32,Female,96242,52,2,7,19,17,227.29,4864,Credit,0,3,40.89
85,25,Female,67517,3,19,5,25,16,290.92,1124,Credit,6,1,42.42
86,31,Male,130022,99,5,6,16,8,287.6,1221,UPI,7,1,43.53
87,40,Female,49257,41,26,3,8,9,169.55,2860,Credit,2,1,43.98
88,57,Male,107272,6,1,2,3,9,161.19,2273,Debit,3,3,1.0
89,38,Female,62207,25,28,6,22,6,57.78,2990,Debit,2,2,57.28
90,33,Female,33281,13,37,1,27,15,186.57,2510,Credit,6,1,49.04
91,62,Male,81246,98,2,7,13,17,54.25,236,Debit,8,3,54.33
92,35,Female,21435,8,15,3,18,5,384.46,1144,Cash,2,1,1.92
93,64,Female,118875,21,29,6,25,19,483.31,3253,UPI,5,1,56.1
94,41,Female,120686,98,39,3,27,0,485.19,3782,UPI,7,1,48.78
95,43,Male,111357,68,1,6,2,0,433.21,766,Credit,5,1,50.4
96,42,Female,46660,25,16,2,13,11,302.39,2681,Credit,1,1,6.5
97,62,Male,25084,79,11,1,7,1,351.93,2665,Cash,6,2,44.59
98,58,Female,102197,68,34,1,23,3,146.18,1759,Credit,1,1,57.64
99,46,Male,33507,45,0,5,26,16,317.23,3491,Debit,1,2,41.03
100,32,Male,92595,60,14,6,27,3,230.55,2815,Cash,1,1,34.66
101,62,Female,103807,12,25,3,0,10,243.6,3513,Debit,0,1,56.79
102,18,Female,65539,32,36,1,9,3,380.1,495,UPI,0,2,27.13
103,42,Male,135953,96,20,7,17,0,144.55,3180,Debit,6,3,36.36
104,24,Male,27491,92,30,1,15,6,162.43,3930,UPI,4,1,29.1
105,26,Female,147706,13,24,4,7,17,462.7,2072,Debit,2,2,56.04
106,41,Male,132831,31,22,4,0,8,32.83,337,UPI,0,1,5.49
107,18,Female,70192,78,23,1,11,2,245.39,3949,Credit,9,1,30.57
108,61,Female,100395,20,37,6,7,7,456.84,3108,Debit,5,1,41.53
109,25,Female,143797,18,27,5,23,18,307.13,1817,UPI,0,1,47.72
110,41,Female,83888,93,20,1,15,3,275.47,136,Debit,8,1,35.4
111,28,Male,93609,60,17,2,17,17,128.62,2555,Cash,1,1,54.63
112,68,Female,29077,63,35,3,3,19,174.92,4415,Credit,0,3,56.58
113,34,Male,137440,6,34,5,5,10,426.76,915,UPI,6,1,4.79
114,25,Female,142901,32,8,2,11,13,281.81,3538,Cash,5,2,24.74
115,52,Male,40953,93,37,5,26,17,259.8,2100,Debit,5,1,2.38
116,52,Female,96919,43,29,2,8,15,54.29,2907,Cash,4,2,20.44
117,50,Male,134682,2,33,3,14,2,12.93,2914,Debit,3,2,32.68
118,22,Male,141041,60,31,3,15,14,482.02,1982,Credit,3,1,54.74
119,59,Female,87889,23,2,4,23,3,191.61,3870,Cash,2,1,50.95
120,56,Female,43821,83,2,6,11,4,303.59,4528,Credit,9,2,8.52
121,58,Female,57567,31,27,2,23,16,44.46,3567,UPI,7,3,6.49
122,45,Female,135374,5,14,4,22,6,343.14,998,Debit,6,1,35.77
123,24,Male,44860,83,22,2,13,15,466.62,2147,Debit,8,1,32.39
124,26,Female,41195,34,39,4,12,13,289.95,4694,Credit,0,3,16.72
125,25,Male,97475,10,10,3,24,15,67.43,395,Credit,6,1,54.07
126,29,Male,110874,89,31,5,1,6,292.95,3598,UPI,9,2,55.71
127,51,Female,107266,2,35,7,2,8,384.34,4510,Cash,3,1,24.75
128,50,Male,41427,11,32,4,25,3,206.18,938,Debit,6,1,53.53
129,65,Male,120732,50,23,2,23,10,440.52,1636,Debit,0,2,23.65
130,40,Male,47083,31,38,2,29,1,326.1,2724,UPI,4,2,44.47
131,41,Male,107046,56,33,7,21,11,450.13,2510,UPI,2,1,29.08
132,54,Female,77372,79,27,6,9,11,313.64,4636,Credit,4,2,8.23
133,52,Female,143786,73,36,3,8,3,69.99,1649,Credit,3,3,55.75
134,61,Female,64064,87,6,2,25,17,158.3,3690,Cash,1,2,27.79
135,57,Female,27813,83,3,1,19,6,104.89,3435,UPI,3,1,44.33
136,39,Male,51598,9,36,5,7,0,454.87,3201,Cash,2,2,22.66
137,44,Male,132718,99,0,4,9,12,381.4,4179,UPI,0,2,2.11
138,52,Female,146879,21,0,6,18,5,339.82,4366,Debit,9,3,6.93
139,18,Female,113106,73,19,7,2,5,153.98,2291,UPI,7,2,30.28
140,52,Female,47082,28,18,5,23,11,96.1,4483,UPI,4,1,41.71
141,54,Male,49241,62,28,3,4,7,379.44,213,Debit,3,2,20.75
142,64,Female,116214,7,9,6,2,18,239.71,3237,UPI,9,2,42.03
143,31,Female,64569,80,17,4,25,4,116.77,3862,Cash,4,1,42.22
144,20,Female,31745,16,27,4,26,17,310.23,58,Credit,3,2,42.53
145,18,Male,46029,97,34,7,15,4,24.97,2930,Credit,2,1,30.06
146,22,Male,33025,4,30,1,16,9,166.45,4938,Cash,4,2,54.98
147,43,Male,121660,4,26,7,14,0,236.94,2971,Debit,3,1,29.86
148,31,Male,143395,40,10,3,2,9,78.24,1527,UPI,0,2,27.57
149,56,Male,34288,17,37,6,11,4,492.4,122,Cash,2,3,12.76
150,44,Male,109186,52,4,6,8,11,108.5,3719,Credit,9,3,19.15
151,26,Male,26540,93,7,2,20,6,69.52,1436,Credit,9,3,3.5
152,32,Male,117768,52,33,1,11,8,105.75,1162,Cash,7,3,38.38
153,32,Female,101958,36,11,1,25,11,385.69,3300,Credit,6,1,15.66
154,43,Female,88878,38,37,6,14,0,215.63,3345,Cash,1,2,18.95
155,59,Male,61846,50,0,6,1,10,284.88,2486,Credit,0,2,46.48
156,30,Male,121148,63,30,5,22,14,15.4,561,Cash,2,3,20.31
157,68,Female,95932,63,3,5,17,1,22.04,3981,UPI,4,1,15.29
158,49,Male,37482,62,4,5,19,19,225.68,1737,UPI,9,3,10.97
159,56,Male,43411,99,29,1,11,6,409.24,904,UPI,0,2,46.72
160,66,Male,70975,7,23,2,22,11,443.19,3554,UPI,2,3,8.65
161,69,Female,80545,27,2,4,3,17,47.92,4490,Credit,2,1,27.77
162,49,Female,132302,92,10,5,22,2,271.49,1726,Debit,4,1,30.91
163,21,Female,98797,86,3,2,15,6,457.05,2923,Cash,2,3,41.56
164,47,Female,72307,14,25,7,22,10,197.05,3531,Debit,8,1,38.36
165,54,Female,23093,71,26,3,15,17,415.64,3906,Credit,0,3,48.83
166,40,Male,97258,86,26,5,0,11,71.18,934,Credit,3,1,3.64
167,56,Female,42042,5,5,7,21,5,468.02,74,Debit,9,2,18.49
168,62,Male,72930,55,14,4,24,4,376.95,294,Debit,9,1,17.53
169,32,Male,137584,2,29,3,1,0,470.96,20,Credit,3,2,9.61
170,60,Female,64413,62,36,3,29,11,339.93,3242,Credit,0,2,18.06
171,46,Female,133387,91,36,4,2,10,184.88,1038,Cash,1,1,19.28
172,53,Male,113623,21,36,5,25,3,469.4,4655,UPI,0,1,31.79
173,30,Male,117883,79,34,1,20,17,141.41,1109,UPI,5,1,40.16
174,49,Male,53756,21,22,4,24,3,169.43,3771,Cash,2,2,23.48
175,24,Female,73268,10,5,4,19,16,351.9,371,Debit,6,2,43.45
176,68,Female,59214,87,3,4,16,1,383.83,4913,Credit,4,2,20.83
177,39,Female,101871,58,17,3,19,1,465.05,1174,Debit,8,2,18.13
178,45,Female,147844,39,8,2,21,11,106.38,1164,UPI,6,2,32.93
179,19,Female,48602,5,28,7,20,5,400.01,1092,UPI,3,1,2.4
180,59,Male,73331,65,12,1,29,9,370.58,1283,Debit,4,1,5.71
181,62,Female,68901,13,16,5,28,15,36.58,2011,UPI,4,1,25.66
182,23,Male,119986,85,31,5,0,13,196.68,845,Credit,4,3,56.63
183,45,Male,83416,90,21,7,19,6,144.97,1991,Cash,9,3,43.57
184,45,Male,52196,85,3,2,5,18,155.72,520,Debit,8,1,6.2
185,61,Female,148386,53,4,4,28,16,491.56,4466,Credit,9,2,50.93
186,61,Female,25626,82,36,1,14,8,323.17,4196,Credit,2,3,44.21
187,37,Female,27424,45,12,5,25,12,360.25,4756,UPI,5,2,37.05
188,47,Male,32857,32,33,7,25,4,488.43,242,Credit,7,1,49.4
189,28,Male,130459,36,21,6,13,4,191.71,2800,Debit,8,1,24.84
190,45,Male,135621,81,22,7,19,9,401.91,4607,Credit,6,2,14.07
191,42,Male,39982,99,2,5,14,9,220.09,2896,Cash,2,3,31.21
192,56,Male,96961,60,33,4,13,6,435.42,2602,Credit,0,2,33.38
193,50,Male,21980,11,31,6,24,14,94.43,2273,Credit,3,1,32.76
194,18,Female,68290,63,20,2,20,6,474.1,1541,Cash,5,1,34.34
195,44,Female,46431,21,20,1,23,14,113.29,2765,Credit,2,3,56.97
196,69,Female,104976,52,10,2,24,2,166.48,2114,Credit,0,3,54.23
197,30,Female,127288,55,38,2,25,18,379.32,4491,UPI,5,2,52.67
198,58,Male,102711,26,3,7,4,9,199.91,4707,Debit,0,2,48.28
199,20,Male,134187,68,0,1,5,14,306.06,3083,UPI,8,1,56.66
200,56,Female,46385,34,27,1,16,2,225.06,1857,Debit,0,3,6.81
201,23,Male,58158,52,23,5,10,5,372.47,769,Cash,5,3,16.64
202,25,Female,43019,82,34,5,15,11,118.02,1422,Cash,0,1,30.21
203,44,Female,38639,99,12,1,11,14,33.94,406,Cash,6,2,50.95
204,26,Female,105530,93,33,6,14,5,153.47,2972,Debit,2,1,30.8
205,54,Male,119911,52,10,3,22,12,239.78,1872,Debit,5,1,45.13
206,50,Female,41563,29,35,5,3,18,88.17,2694,Debit,6,1,9.2
207,68,Female,59341,38,16,3,26,2,180.62,2269,Cash,0,1,15.89
208,59,Female,135672,42,34,7,17,7,202.99,4749,Debit,0,1,44.17
209,61,Male,25776,21,17,6,20,7,33.41,1181,Credit,4,2,10.72
210,41,Male,56444,42,39,1,27,19,293.74,1439,UPI,5,2,21.73
211,32,Female,88916,13,21,6,2,14,442.75,3053,Cash,8,2,16.63
212,49,Male,28711,64,23,5,21,3,80.11,3333,UPI,0,1,21.64
213,49,Male,94318,17,18,2,7,18,300.91,2897,Credit,3,1,42.79
214,41,Male,102970,9,36,7,22,2,334.05,2903,Debit,9,2,22.7
215,58,Male,132301,41,38,1,2,12,212.57,228,UPI,7,1,33.76
216,69,Male,105553,1,20,4,7,7,352.04,3959,Credit,9,1,6.9
217,66,Male,50707,2,7,7,17,15,208.31,1893,Credit,8,3,48.5
218,66,Male,59110,60,27,3,9,12,254.8,1313,UPI,2,2,22.82
219,69,Male,149410,48,4,6,24,2,8.64,1070,Cash,1,3,39.26
220,29,Male,81788,29,16,1,19,15,347.4,974,UPI,3,2,43.8
221,56,Male,102879,97,36,7,16,8,332.36,1738,Cash,1,1,13.37
222,19,Female,58827,10,35,6,7,13,24.01,3285,Debit,0,2,53.2
223,20,Female,127188,58,18,1,22,12,187.28,757,Cash,2,1,37.36
224,66,Male,25655,60,26,5,10,6,489.62,3095,Debit,6,2,26.29
225,54,Female,64859,21,33,7,28,14,213.26,320,UPI,0,1,11.76
226,66,Female,73625,28,10,5,4,6,253.46,2321,Debit,1,3,56.6
227,34,Male,72098,75,11,7,25,5,455.42,555,Credit,0,1,45.55
228,66,Male,35251,34,20,5,12,1,360.04,4939,Debit,7,3,13.27
229,19,Male,142413,8,10,6,20,8,293.12,1386,Cash,4,3,20.92
230,19,Female,20526,59,38,4,22,16,399.91,4763,Cash,7,2,48.77
231,45,Female,88760,86,27,7,4,4,432.86,3047,Cash,2,2,42.04
232,40,Male,67837,72,4,7,23,11,231.16,2427,Debit,6,2,46.18
233,54,Male,145133,49,16,5,26,0,240.18,2004,Cash,7,3,27.03
234,49,Male,149478,79,19,1,12,9,196.1,1930,Cash,5,2,43.27
235,50,Female,31536,17,11,7,5,10,483.52,4841,Credit,6,3,23.8
236,18,Female,48541,60,5,5,28,15,350.1,4770,Debit,1,2,13.46
237,36,Female,99083,87,16,2,4,13,46.2,2163,Credit,7,3,38.33
238,19,Female,71027,88,18,5,8,7,432.17,3867,Cash,4,2,58.58
239,61,Male,54531,45,25,6,26,16,242.88,2426,Cash,6,2,19.33
240,43,Male,28712,83,31,4,15,17,39.03,3793,Cash,0,3,28.2
241,49,Male,124101,69,5,2,1,11,277.11,2513,Debit,4,3,40.77
242,23,Male,85455,32,35,6,0,16,211.5,3803,UPI,0,2,32.95
243,49,Female,94744,44,37,6,7,13,439.49,2327,Cash,7,1,50.76
244,21,Female,141787,65,10,6,27,15,105.98,617,Cash,3,2,45.94
245,28,Male,149749,87,32,1,18,13,414.1,2165,Cash,3,3,4.44
246,34,Male,25109,8,23,6,29,8,281.06,3308,Cash,1,3,59.91
247,55,Female,141332,77,22,1,10,3,32.03,992,Debit,4,3,45.39
248,41,Male,69268,72,14,6,27,10,486.06,1377,UPI,0,1,51.97
249,22,Female,120737,87,26,3,11,5,258.74,4381,UPI,8,2,39.42
250,69,Male,74615,43,10,2,11,14,148.98,3174,UPI,4,2,51.52
251,51,Male,102503,1,16,3,6,4,237.36,4782,Cash,5,3,7.63
252,23,Male,143274,51,13,6,25,10,429.64,1305,Cash,1,1,21.52
253,39,Male,49759,24,26,2,12,17,155.93,4833,UPI,9,3,52.71
254,28,Male,105708,99,17,2,26,12,100.37,3078,UPI,9,2,12.9
255,65,Male,80112,24,27,7,7,10,68.89,2686,Cash,0,1,5.62
256,33,Male,122471,17,3,4,28,13,152.44,2983,Cash,3,1,47.5
257,50,Female,146740,5,6,3,28,17,391.12,2523,Credit,6,1,50.29
258,26,Female,143153,20,34,4,21,18,238.46,3582,Credit,5,2,10.6
259,23,Female,46589,21,8,2,27,14,117.6,1485,Credit,9,1,51.41
260,33,Female,50015,58,7,1,25,8,87.26,2100,UPI,0,1,41.52
261,46,Female,49009,31,16,2,29,7,169.7,4581,Debit,0,3,31.68
262,20,Male,103309,100,16,4,8,19,470.26,3715,Cash,7,1,49.98
263,37,Male,146446,11,32,3,6,0,174.8,2001,Credit,3,1,25.74
264,53,Female,82046,52,31,6,25,3,494.12,1387,Debit,4,2,12.45
265,36,Male,126661,15,7,7,20,13,245.19,3183,Cash,6,2,17.81
266,43,Female,46143,83,18,7,23,1,93.69,1030,Debit,7,3,30.8
267,20,Female,26154,7,37,7,14,15,446.11,1765,UPI,9,2,32.35
268,36,Male,41804,28,2,6,1,2,232.88,4763,UPI,6,3,48.53
269,37,Male,61688,51,4,7,22,7,356.29,1220,UPI,1,2,47.69
270,49,Male,84288,58,12,3,19,5,491.94,4930,Credit,3,1,35.3
271,24,Female,71195,5,30,6,24,15,29.84,4971,Cash,9,1,47.07
272,69,Male,40581,5,15,7,11,15,52.86,3806,UPI,0,2,12.31
273,58,Female,72648,94,31,6,0,6,361.63,2414,Credit,9,1,3.95
274,50,Female,50087,96,21,4,22,12,144.5,4345,Credit,8,2,52.54
275,57,Female,69930,8,28,3,21,12,96.23,1618,Credit,2,2,5.46
276,56,Male,52981,64,21,5,7,4,24.48,1263,Credit,2,1,15.55
277,35,Male,89298,10,2,1,4,19,15.81,871,UPI,9,1,42.02
278,57,Female,66167,38,9,7,14,17,388.37,834,Credit,8,1,25.16
279,18,Male,95304,96,20,1,0,14,71.54,2822,UPI,9,2,52.7
280,28,Male,63408,92,15,6,0,17,236.52,918,UPI,2,2,18.58
281,45,Male,59499,81,11,1,24,1,304.92,1724,Credit,7,2,1.7
282,42,Female,145816,95,1,3,9,9,217.03,2413,UPI,1,1,18.74
283,67,Female,72269,8,23,3,21,12,18.42,1313,Cash,2,2,35.11
284,40,Male,58559,25,34,2,9,17,392.83,4498,Cash,1,3,23.18
285,48,Female,134126,73,29,7,20,14,10.2,2105,Debit,0,1,32.56
286,47,Male,94319,66,29,2,14,11,382.14,2568,Cash,1,2,52.72
287,59,Male,131925,79,34,1,16,14,447.19,1138,UPI,7,3,54.84
288,52,Male,115317,50,18,5,21,12,219.26,209,UPI,8,1,16.69
289,24,Male,116347,67,7,2,5,17,270.09,1064,Cash,1,2,28.27
290,33,Female,68787,49,25,2,2,14,241.11,4911,Credit,6,1,33.4
291,43,Female,55488,36,39,3,12,10,197.66,2220,Credit,4,2,57.0
292,65,Female,94441,68,6,5,15,18,444.28,233,UPI,2,1,59.92
293,69,Male,94663,78,29,6,7,2,447.5,792,Credit,8,3,14.89
294,66,Male,42431,41,6,1,29,6,171.23,3110,Debit,5,2,43.89
295,19,Male,81681,89,2,2,14,13,309.46,2166,Debit,0,3,23.3
296,18,Female,83483,62,0,5,16,13,463.82,334,Cash,4,2,1.48
297,65,Male,142720,10,35,7,16,12,481.22,1359,Cash,6,2,1.55
298,29,Female,69153,21,24,5,21,11,256.93,1214,Credit,3,2,28.17
299,22,Female,26368,36,36,1,25,8,229.15,4419,UPI,7,3,29.81
300,54,Female,47424,12,0,5,12,0,142.95,283,Cash,9,3,2.33
301,49,Female,132360,91,14,5,16,18,479.64,212,Debit,4,2,41.53
302,26,Female,65004,2,36,5,5,10,75.69,1658,Cash,8,3,18.35
303,58,Female,103869,13,12,7,16,18,292.02,4078,Cash,8,2,34.03
304,52,Male,108652,53,39,2,15,17,144.86,4847,Debit,8,2,18.75
305,36,Male,132755,32,7,1,13,11,143.11,1417,UPI,0,2,10.86
306,65,Female,76985,95,4,7,12,0,205.46,2386,Cash,1,1,25.02
307,33,Female,70069,16,8,5,5,18,499.4,1794,Cash,2,1,14.7
308,20,Male,72326,32,0,5,2,19,32.21,104,Cash,3,1,32.55
309,37,Female,128737,32,35,2,13,16,291.38,4865,Credit,9,2,12.73
310,41,Female,101061,98,34,1,13,4,45.87,3893,Cash,8,1,31.0
311,50,Male,43398,11,1,3,14,2,81.49,3845,Debit,9,2,10.29
312,41,Female,118393,10,39,7,7,1,222.58,3690,UPI,5,3,40.59
313,69,Female,70861,15,22,2,28,2,257.68,3292,UPI,0,1,45.48
314,28,Female,95897,17,8,1,14,7,133.1,378,Debit,8,2,7.51
315,66,Male,101905,40,33,7,21,15,161.65,3293,Credit,5,1,28.6
316,25,Male,147118,18,13,5,28,5,48.05,3329,Debit,3,1,5.18
317,53,Male,88577,55,3,1,26,12,155.09,4808,UPI,3,3,36.29
318,55,Female,85641,73,29,1,12,15,483.45,3438,Debit,2,2,16.6
319,57,Female,29078,25,30,6,16,15,472.63,224,Credit,6,3,32.13
320,37,Male,45003,59,37,1,20,2,170.76,737,UPI,2,1,31.53
321,52,Female,82768,78,10,3,23,12,287.57,235,Credit,1,2,55.54
322,65,Female,71047,89,34,1,2,13,455.25,4278,Debit,9,1,33.4
323,42,Female,91626,22,7,3,27,7,8.06,711,Cash,7,1,35.4
324,52,Female,77660,30,2,5,5,11,406.29,1888,Debit,3,1,24.7
325,42,Female,124386,84,13,3,4,7,474.44,4718,Credit,7,1,57.0
326,46,Male,69786,85,12,7,21,8,50.21,1259,Debit,0,1,46.85
327,35,Female,21925,44,31,5,25,0,84.92,748,Cash,4,1,17.84
328,63,Male,103976,32,33,5,16,5,480.57,3986,Credit,8,3,50.81
329,35,Female,125221,51,18,3,22,18,271.08,3551,Debit,0,1,26.51
330,19,Male,137832,46,37,2,24,10,12.03,509,Credit,3,1,49.89
331,52,Female,145150,21,15,4,1,10,132.53,1823,Credit,5,1,49.55
332,33,Male,46015,99,1,1,25,12,227.72,4880,UPI,9,2,12.14
333,58,Female,53320,32,39,6,14,10,347.99,2941,UPI,7,1,42.37
334,53,Male,84881,94,16,4,4,17,367.91,4232,Credit,2,3,18.15
335,50,Female,110827,39,33,1,25,14,497.73,2134,Debit,4,3,18.55
336,21,Male,140071,12,15,1,19,0,147.32,1777,Debit,6,1,18.48
337,50,Female,122215,47,37,5,5,6,271.42,1222,Debit,0,2,43.81
338,31,Male,46289,18,1,1,5,12,269.0,3667,Cash,6,1,14.56
339,38,Male,148859,21,1,6,26,11,205.79,1777,Credit,7,2,1.05
340,65,Female,23389,13,25,1,17,17,88.74,1304,Credit,7,2,43.2
341,37,Female,45683,21,12,3,17,18,488.84,4859,Cash,8,1,11.1
342,25,Male,33629,8,30,4,3,14,427.39,701,Credit,5,1,7.16
343,24,Female,81550,46,33,3,16,7,251.67,2989,Credit,5,2,15.01
344,20,Male,44826,7,38,6,24,18,303.61,151,Cash,1,2,23.41
345,34,Male,120734,23,2,1,13,9,117.49,1325,UPI,2,1,29.08
346,50,Male,46630,96,7,7,13,6,274.17,1301,Credit,3,2,3.63
347,65,Female,118762,75,22,6,12,17,349.01,3722,Cash,3,2,58.26
348,29,Male,66163,86,13,5,6,15,260.01,1711,Debit,7,3,43.25
349,68,Male,118511,22,26,3,11,19,495.19,806,UPI,0,1,20.07
350,39,Female,86435,89,28,3,22,5,307.61,4330,Debit,9,3,19.8
351,39,Female,31653,22,38,2,14,8,188.63,2722,Credit,3,2,27.46
352,63,Female,47961,92,38,1,18,12,387.22,4656,UPI,3,1,37.95
353,47,Female,101941,29,0,5,10,7,89.38,1325,Cash,0,2,9.64
354,55,Male,94137,13,16,7,14,15,195.34,4133,Credit,2,2,12.15
355,55,Male,53662,82,29,3,11,12,176.74,1159,Cash,4,3,51.71
356,62,Male,118818,2,12,3,2,12,218.74,2869,UPI,5,1,16.12
357,68,Male,76446,29,20,5,16,16,391.98,4516,Debit,8,2,23.43
358,25,Female,41288,85,18,6,2,19,244.67,1242,Credit,8,1,52.41
359,44,Male,142555,79,18,6,18,4,398.04,347,Credit,8,3,40.13
360,44,Male,115081,52,24,1,19,16,290.36,1831,Cash,0,1,21.16
361,51,Female,56877,27,21,2,3,8,174.32,1569,UPI,8,3,41.34
362,38,Male,131562,50,30,3,2,1,405.94,3935,Cash,7,3,2.16
363,47,Male,35313,95,16,2,25,17,122.95,1918,UPI,1,1,44.4
364,50,Male,100885,79,22,6,15,8,116.07,3232,Credit,0,3,29.73
365,45,Male,92715,23,31,6,11,5,254.73,3758,UPI,0,3,48.98
366,64,Male,30326,88,9,4,7,10,134.12,2355,Credit,5,1,57.32
367,50,Male,130091,44,9,7,23,5,9.5,1397,UPI,8,2,55.62
368,22,Female,145836,77,35,1,28,5,325.91,2780,Debit,6,2,54.65
369,65,Female,21560,22,7,4,28,12,257.99,1824,UPI,4,1,31.22
370,36,Male,99148,43,19,7,16,10,225.53,2491,Debit,1,1,22.25
371,21,Male,103186,37,31,4,6,13,483.65,4060,UPI,0,1,28.44
372,52,Female,46745,61,13,4,10,1,287.74,404,UPI,1,1,41.7
373,66,Male,51890,97,27,1,17,7,432.4,1721,Cash,0,2,53.16
374,34,Male,40022,56,23,1,0,2,74.03,2825,Cash,2,1,13.21
375,61,Male,143629,3,14,5,2,2,286.76,3845,Credit,5,3,55.17
376,45,Female,72579,63,21,2,3,0,434.65,4210,Cash,7,2,49.1
377,47,Male,90316,19,29,2,12,18,293.64,3192,UPI,2,1,58.75
378,46,Female,103847,23,3,5,5,17,360.42,64,Cash,9,2,52.93
379,63,Male,48380,29,12,5,25,16,189.16,1299,UPI,8,2,17.52
380,23,Female,130198,30,22,6,13,19,50.76,4920,Debit,9,3,7.25
381,52,Female,22356,39,7,7,4,12,231.66,1415,UPI,4,1,7.62
382,58,Male,90326,25,17,4,15,2,200.27,3593,Credit,6,1,18.18
383,54,Female,112447,8,11,5,14,0,434.19,968,Debit,7,3,37.24
384,41,Male,134994,58,30,3,14,3,125.78,368,Credit,2,3,48.45
385,46,Female,109899,16,13,2,29,12,483.53,232,Credit,1,2,54.06
386,66,Male,40049,72,33,5,3,16,479.28,2242,Credit,1,3,37.8
387,63,Male,95717,1,17,3,7,10,127.58,3083,Cash,4,1,1.33
388,48,Female,125361,5,33,3,26,1,177.29,920,Credit,0,2,11.99
389,52,Male,36082,3,10,3,15,15,448.3,688,Debit,1,1,6.88
390,50,Male,20661,65,11,6,27,1,483.48,4272,UPI,8,1,22.44
391,69,Female,57412,4,14,6,15,18,224.5,1469,Credit,6,3,30.58
392,38,Male,134015,99,30,3,29,18,163.89,4725,Debit,5,1,3.56
393,49,Male,143191,96,28,7,3,15,265.42,4259,Credit,8,2,21.56
394,40,Female,22920,64,25,6,12,18,345.45,3622,UPI,6,3,11.57
395,50,Female,111194,98,17,4,25,8,140.37,2100,Debit,4,1,39.18
396,20,Male,134306,89,31,3,27,0,369.55,2265,Debit,8,3,28.39
397,35,Male,80315,10,21,4,12,9,30.57,3789,UPI,5,3,30.22
398,42,Female,99561,21,37,4,1,18,29.4,823,Debit,5,2,26.23
399,59,Female,28946,46,16,3,2,0,196.21,3431,UPI,3,1,57.41
400,48,Male,114242,91,22,2,21,1,179.97,4151,Debit,0,1,13.67
401,20,Female,65500,27,23,7,7,15,161.24,4213,Debit,4,2,31.48
402,57,Male,124540,66,7,3,23,11,248.05,797,UPI,8,1,44.43
403,63,Male,36309,41,5,3,14,7,163.76,779,UPI,7,1,33.85
404,41,Male,75230,13,4,6,10,17,100.17,2850,Debit,7,3,55.81
405,67,Male,131822,9,28,3,8,1,158.19,2892,Debit,4,1,23.3
406,49,Male,118656,36,27,2,6,12,487.58,1893,UPI,8,2,28.36
407,64,Female,143782,86,10,6,12,5,208.5,3306,Cash,2,1,6.22
408,39,Female,50027,90,0,1,1,5,225.13,2902,UPI,2,2,36.93
409,40,Female,146768,58,18,1,7,8,290.39,4803,Debit,0,3,18.0
410,19,Female,92541,54,8,4,6,15,491.75,3718,Debit,8,1,10.46
411,44,Male,132340,12,26,7,23,10,124.59,21,Debit,5,1,33.13
412,59,Male,134846,81,33,4,11,6,342.23,1500,UPI,1,2,32.41
413,19,Male,79321,78,3,2,18,9,359.41,842,Debit,7,2,5.48
414,43,Male,20956,14,35,5,6,9,305.63,1760,Cash,8,2,42.19
415,34,Female,120375,34,17,7,9,19,48.85,3641,Credit,8,1,37.8
416,57,Male,94131,53,14,1,28,17,340.05,191,Cash,1,1,12.15
417,50,Male,67908,20,12,4,24,19,36.73,395,UPI,1,3,28.7
418,26,Female,98339,75,18,1,15,8,300.09,4662,Debit,6,3,43.5
419,60,Female,145659,16,5,2,2,14,371.09,4326,UPI,3,2,32.24
420,65,Female,45963,95,11,2,29,3,109.43,873,Credit,0,3,24.33
421,56,Female,121757,70,36,5,9,7,421.6,2621,UPI,7,2,20.02
422,46,Male,59443,56,16,5,5,8,20.03,4335,Debit,1,2,37.01
423,59,Male,119259,83,22,6,17,12,422.69,89,Credit,2,1,56.41
424,43,Female,59063,58,25,7,17,8,232.86,2279,Credit,4,2,40.63
425,52,Male,134225,4,28,2,4,3,112.71,456,Debit,2,2,5.41
426,67,Male,136400,4,32,4,20,16,71.22,2280,Debit,6,1,28.18
427,42,Male,100818,20,26,1,28,15,476.89,4449,Debit,6,2,53.56
428,41,Female,24703,10,24,3,6,14,40.97,1004,UPI,1,3,6.57
429,30,Male,85128,24,9,5,27,2,103.55,4534,Cash,6,2,59.34
430,24,Female,92099,99,22,3,1,19,177.17,344,UPI,5,2,57.0
431,53,Male,45849,26,20,4,10,4,312.02,2711,UPI,9,3,5.62
432,62,Male,51860,37,20,5,29,4,274.68,4752,Cash,8,1,56.07
433,37,Male,51585,85,12,3,12,19,67.19,2462,Debit,8,2,22.42
434,18,Female,42015,54,36,7,22,14,148.42,1116,Debit,1,3,50.84
435,25,Male,97539,21,32,4,4,17,123.18,625,Cash,6,2,25.68
436,63,Female,63585,74,23,1,29,14,110.7,4379,Cash,4,1,27.01
437,33,Female,46958,38,10,7,5,1,208.52,1979,UPI,5,1,38.42
438,31,Female,46017,46,16,4,23,12,353.5,3994,Credit,0,3,46.69
439,29,Male,96707,4,3,6,25,3,112.64,1678,Cash,6,2,2.99
440,68,Male,144677,60,24,5,28,9,186.51,222,UPI,5,3,36.0
441,40,Male,65350,57,29,2,13,12,198.5,743,Credit,3,2,12.02
442,32,Male,32201,45,8,1,11,9,488.35,462,Debit,0,2,21.41
443,45,Female,49426,20,20,7,3,8,477.56,1568,Debit,8,3,21.53
444,51,Female,37778,17,19,7,28,7,401.07,3347,UPI,3,2,28.67
445,19,Female,65241,71,18,3,22,2,124.62,1736,UPI,1,1,20.71
446,49,Male,62229,4,18,5,5,15,38.68,4039,Cash,7,2,7.33
447,40,Female,106652,93,11,2,9,13,161.87,3951,Debit,1,3,9.59
448,39,Male,148267,14,36,4,17,8,137.06,664,UPI,4,1,2.97
449,68,Female,138402,3,16,2,14,10,255.43,1356,Debit,5,1,28.74
450,42,Male,68364,88,36,5,7,2,389.98,1014,Debit,7,1,57.31
451,39,Male,118833,80,38,5,25,4,429.87,2132,Cash,0,3,7.82
452,39,Female,146503,58,27,6,8,9,423.21,2668,Credit,0,1,56.83
453,66,Female,149044,55,34,6,4,12,183.04,1054,Cash,3,2,44.27
454,69,Female,104878,4,17,2,9,3,345.18,1764,UPI,4,2,38.61
455,59,Female,77056,24,13,4,19,12,159.85,4458,Cash,8,2,39.07
456,23,Male,47490,34,34,2,5,11,35.15,2869,Cash,6,2,49.78
457,32,Female,147769,30,6,5,15,4,352.27,1412,Debit,6,1,7.31
458,60,Female,39975,82,12,5,23,9,9.86,667,Cash,7,2,30.78
459,54,Female,46723,19,17,3,26,8,207.55,3370,UPI,4,3,42.13
460,50,Male,43279,31,36,6,2,19,168.04,1394,Credit,4,3,35.62
461,25,Male,98301,60,12,3,9,6,348.22,98,Cash,0,1,50.13
462,61,Female,132214,60,35,1,10,1,384.29,4070,Cash,8,3,5.26
463,61,Male,31561,19,30,5,10,6,155.53,421,Credit,5,2,41.75
464,22,Female,127435,49,1,3,16,7,406.76,3650,UPI,8,3,32.51
465,56,Male,86061,63,15,2,3,6,150.49,4157,UPI,2,2,23.37
466,21,Male,108397,83,8,6,3,13,225.93,1132,Cash,4,2,21.08
467,23,Male,69153,22,8,6,16,18,364.87,1702,Debit,1,3,37.63
468,62,Male,53142,24,37,4,8,4,348.0,3620,Cash,9,3,53.57
469,49,Female,46916,76,10,2,18,17,493.75,3190,Credit,4,2,30.27
470,69,Female,84324,30,21,4,4,19,116.45,597,Credit,7,1,49.66
471,47,Female,64965,58,32,3,21,11,332.85,391,Credit,1,1,24.73
472,64,Male,145932,31,35,7,23,16,306.79,1075,Cash,7,1,7.04
473,52,Female,24648,100,22,1,5,12,457.97,2650,Cash,3,1,4.63
474,57,Female,55133,64,33,2,2,1,82.4,2384,UPI,9,1,4.03
475,69,Female,70677,19,8,2,21,12,377.14,809,Debit,9,3,23.43
476,33,Male,116059,48,23,2,0,6,286.29,3309,Cash,0,1,20.9
477,30,Male,114588,45,7,4,19,9,140.96,3738,UPI,4,2,43.36
478,67,Male,119950,100,6,3,21,5,239.85,1159,Cash,0,1,44.83
479,59,Female,118317,94,35,2,15,2,170.22,1531,UPI,6,1,4.0
480,47,Female,90135,55,17,7,22,2,291.76,4976,UPI,7,1,14.05
481,36,Female,55046,55,2,2,10,17,445.06,2682,Debit,2,1,17.18
482,34,Male,67064,97,27,6,12,10,286.81,253,Cash,2,3,33.31
483,36,Male,121459,18,5,1,26,19,317.7,3548,UPI,6,3,9.53
484,45,Female,126625,63,20,6,9,4,261.78,3185,Credit,3,1,8.9
485,43,Male,89350,92,27,6,2,18,30.33,1231,Credit,2,2,56.68
486,54,Male,65893,47,39,1,8,18,120.26,2423,Credit,7,2,48.45
487,43,Male,121520,75,0,7,27,14,248.54,3575,Debit,2,3,11.66
488,40,Male,145818,57,35,3,11,15,158.57,4261,UPI,6,3,24.99
489,26,Female,81272,45,20,6,22,8,94.97,1573,Debit,1,2,21.98
490,29,Male,112152,33,34,3,13,3,254.55,2908,Cash,0,2,47.67
491,18,Male,142907,17,12,6,0,14,164.79,4712,Cash,5,3,31.1
492,18,Male,87649,70,9,5,17,11,132.76,1625,UPI,7,1,8.54
493,64,Male,84674,4,9,1,16,2,234.67,3998,Credit,0,2,44.6
494,51,Female,144132,20,12,6,26,13,70.98,3883,UPI,9,3,24.42
495,49,Female,139044,47,36,5,8,16,464.23,3515,UPI,8,2,16.51
496,65,Male,128542,91,37,4,8,18,434.51,3403,UPI,2,2,23.15
497,42,Male,33760,15,23,5,22,5,355.27,4598,Debit,2,2,30.37
498,57,Male,41927,70,1,2,9,3,57.58,4680,Cash,3,1,21.24
499,62,Male,106475,47,21,6,18,6,389.06,1958,UPI,0,2,15.27
500,18,Male,81367,78,16,5,28,18,404.94,4009,UPI,8,2,24.51
501,33,Male,117955,75,35,3,14,16,385.04,2735,UPI,2,2,2.13
502,56,Female,32588,9,13,4,4,15,61.41,4491,Debit,9,2,46.58
503,22,Male,141750,90,9,7,14,14,323.73,3174,Debit,3,3,11.09
504,39,Female,121678,16,34,6,19,7,417.99,401,Debit,0,1,3.59
505,46,Female,124734,69,24,2,22,18,290.79,974,UPI,3,2,39.57
506,20,Male,138154,61,2,7,29,7,324.97,223,Credit,0,2,46.66
507,29,Female,72233,10,37,5,24,17,231.89,4613,Credit,4,2,49.02
508,43,Female,64738,50,16,7,27,15,266.71,235,Credit,4,1,30.12
509,33,Female,53397,3,11,7,1,19,22.02,3498,Cash,6,2,13.12
510,68,Female,102189,77,23,4,12,18,321.29,4211,UPI,7,3,44.5
511,54,Female,96367,94,28,7,23,9,45.32,3234,Credit,3,2,42.28
512,39,Female,144873,70,24,7,15,16,220.33,225,Credit,6,3,15.53
513,46,Male,91260,81,35,6,14,12,149.86,2277,Credit,3,3,54.3
514,31,Female,140585,51,25,4,24,12,274.99,4277,UPI,2,1,7.16
515,45,Female,96619,19,37,2,9,6,71.04,1341,Credit,5,1,58.98
516,22,Female,131453,42,0,5,13,9,347.36,4036,Credit,3,3,51.75
517,64,Male,39816,35,19,4,9,1,398.53,209,UPI,2,3,41.59
518,66,Female,62240,46,27,4,24,3,85.86,3727,Cash,8,1,56.39
519,47,Male,26276,26,15,1,13,5,56.63,3928,Debit,4,1,43.62
520,63,Female,133939,69,16,4,25,17,77.03,4989,Credit,6,1,12.24
521,69,Male,124199,93,39,1,29,5,439.18,2803,Debit,5,3,27.09
522,22,Male,99530,64,27,5,22,16,266.45,1109,Cash,9,1,5.22
523,29,Female,43499,37,11,7,8,13,236.29,2026,Cash,4,2,23.99
524,33,Female,108576,84,26,6,24,10,57.82,393,Credit,6,3,44.75
525,43,Male,128856,49,29,6,13,18,326.53,843,UPI,5,1,23.8
526,43,Female,102495,21,33,5,2,1,434.66,1524,Cash,9,2,20.49
527,65,Male,141717,74,36,5,19,2,414.95,603,Debit,1,1,36.13
528,38,Male,91635,64,5,3,15,10,314.9,581,Debit,2,3,52.46
529,56,Male,127803,5,6,7,1,5,42.26,1939,Debit,1,1,3.81
530,53,Male,105112,100,31,5,9,13,60.64,132,Debit,2,2,23.74
531,50,Male,55946,70,31,4,2,18,29.41,2838,Cash,0,2,10.34
532,47,Female,75204,90,24,6,10,15,132.45,3385,Credit,7,1,42.03
533,54,Male,71886,4,32,2,10,6,72.15,3770,Credit,5,1,7.24
534,40,Male,91652,39,6,6,20,7,133.72,2268,Debit,1,2,40.22
535,27,Female,35563,35,11,1,20,18,195.6,975,Credit,7,1,17.88
536,22,Male,112324,1,15,6,21,19,471.78,1813,Debit,5,3,12.74
537,53,Female,112464,24,15,3,12,15,307.14,3263,Debit,6,3,56.24
538,51,Female,121872,57,35,7,6,6,418.31,1543,UPI,0,2,2.09
539,69,Female,29847,100,12,5,22,8,356.62,2835,Cash,6,2,26.83
540,48,Male,46155,70,6,7,16,12,60.69,2738,Cash,2,2,2.28
541,27,Male,99671,41,35,5,29,0,369.28,1357,Debit,7,3,29.53
542,36,Male,136891,54,8,6,1,7,141.17,4134,Cash,5,2,30.56
543,49,Female,103310,46,31,2,11,3,321.36,1316,Credit,3,1,19.98
544,18,Male,87278,60,10,2,24,2,173.78,161,Debit,7,1,8.8
545,22,Female,38309,60,7,3,9,2,498.85,1909,UPI,8,2,23.21
546,62,Male,20619,57,32,1,17,12,135.46,1127,Credit,9,2,40.66
547,21,Female,103194,31,22,6,21,7,143.17,3870,UPI,1,2,47.16
548,33,Male,70108,84,24,5,26,6,465.68,1658,UPI,5,1,32.31
549,41,Male,54707,24,7,6,10,0,17.2,3125,Cash,4,2,35.8
550,33,Male,40337,89,21,3,15,15,349.86,1963,Cash,4,1,12.84
551,19,Female,145261,36,3,4,16,5,364.04,2289,Debit,9,1,17.95
552,66,Female,101537,85,39,4,18,6,419.01,966,Cash,2,2,10.55
553,45,Male,86504,30,2,3,17,11,487.35,889,UPI,7,1,15.71
554,49,Male,67614,24,28,5,2,8,487.92,3061,UPI,7,2,14.27
555,44,Female,111428,30,28,7,20,10,37.31,3629,Credit,4,1,31.65
556,37,Female,111155,86,33,3,26,9,411.81,3189,UPI,7,2,34.2
557,41,Female,20281,92,33,5,25,0,324.92,2748,Debit,9,2,56.75
558,29,Male,47420,7,27,2,15,17,325.43,1666,Debit,7,1,12.54
559,67,Female,100896,35,12,3,5,3,68.53,3066,Cash,2,1,38.86
560,52,Male,59030,55,14,5,24,4,326.84,1441,Cash,1,3,49.22
561,50,Female,21058,92,22,3,11,8,491.33,1067,Cash,8,2,34.05
562,50,Male,106213,14,25,3,10,16,456.35,4223,Debit,1,2,16.05
563,68,Female,96260,10,3,7,14,2,222.37,2923,UPI,8,1,16.49
564,60,Female,48404,80,25,7,14,15,24.77,4253,Cash,3,2,3.32
565,54,Female,123482,16,39,5,15,4,184.34,3856,Credit,1,2,19.02
566,29,Female,125284,54,8,5,9,15,414.06,826,Cash,9,2,44.93
567,20,Female,49856,95,4,1,11,2,352.24,4607,Debit,0,2,3.8
568,18,Male,29200,89,31,3,27,19,232.38,3985,Cash,3,1,13.94
569,50,Female,84178,77,19,4,12,14,32.28,2092,UPI,8,1,42.67
570,57,Female,53997,70,10,3,3,2,216.31,3179,Cash,8,3,47.18
571,27,Female,45611,44,14,3,6,19,237.17,4538,Debit,3,3,27.86
572,60,Male,139273,73,31,5,21,13,464.63,3901,Debit,8,1,42.19
573,61,Female,61235,45,27,3,1,15,322.34,2362,Credit,5,2,23.89
574,46,Male,137428,100,21,6,25,16,159.27,2224,Debit,0,1,10.43
575,30,Female,55057,56,16,3,26,19,265.03,1726,Credit,9,1,24.49
576,29,Female,21239,84,25,6,26,17,37.7,2006,UPI,5,1,35.22
577,48,Male,123674,82,6,7,26,17,486.42,266,Debit,8,1,56.94
578,63,Female,134474,57,25,4,14,13,183.23,837,Cash,1,2,5.06
579,19,Male,85661,21,24,5,7,17,241.54,4584,UPI,5,2,30.94
580,68,Male,146945,68,9,3,6,14,180.87,4797,Cash,1,1,20.41
581,67,Female,65272,50,18,6,14,14,342.84,686,Cash,3,1,30.99
582,52,Male,109393,33,10,6,22,5,332.8,3361,Cash,7,3,2.41
583,40,Female,81212,91,12,7,13,14,359.08,356,UPI,6,1,19.47
584,34,Female,144088,7,7,6,7,17,137.73,3815,UPI,8,2,49.37
585,43,Male,35398,70,39,2,27,3,161.26,871,Debit,6,1,33.68
586,25,Male,140030,15,3,1,11,7,67.0,1973,Cash,0,2,27.58
587,46,Male,76503,82,30,4,12,14,329.48,4647,Credit,1,1,17.85
588,43,Male,26638,32,27,7,29,2,24.7,1810,Debit,5,1,18.58
589,27,Female,26570,75,10,7,10,14,300.85,4418,UPI,6,1,23.6
590,43,Female,88785,20,0,3,16,12,435.5,2641,Credit,2,1,50.3
591,51,Male,29110,88,37,2,28,8,445.96,2228,UPI,8,2,58.07
592,68,Female,125899,15,23,3,16,1,227.27,3391,Credit,6,2,26.88
593,58,Female,99141,48,30,3,23,7,232.36,4178,Debit,5,1,24.21
594,24,Female,32115,71,25,5,3,19,43.1,2350,Credit,5,1,50.95
595,21,Female,59062,21,4,5,20,16,337.03,4357,Debit,0,2,26.19
596,67,Male,42911,42,19,5,7,12,411.52,4879,UPI,4,2,33.57
597,62,Male,124061,26,10,2,4,0,126.1,2739,Credit,9,3,14.63
598,28,Female,52556,14,32,3,25,1,213.54,2730,Cash,2,2,44.87
599,46,Male,98131,57,37,1,15,14,420.23,1318,Cash,6,2,32.39
600,53,Male,148335,37,26,4,3,11,439.17,1535,UPI,9,2,48.73
601,42,Male,21969,58,33,5,27,13,125.37,4784,Credit,2,3,47.06
602,38,Female,63753,21,14,5,21,1,277.53,2443,Cash,4,3,13.69
603,53,Female,102811,82,31,7,28,17,100.28,1772,Debit,6,1,43.22
604,27,Female,24470,69,20,3,14,6,55.43,3209,Credit,2,1,48.2
605,54,Male,141863,3,4,3,11,5,456.0,4934,Credit,9,1,21.42
606,26,Female,30225,87,5,2,4,13,411.15,877,Cash,1,2,11.18
607,41,Female,127860,90,37,2,29,7,381.22,2870,Debit,5,2,1.16
608,52,Male,143008,37,21,5,22,1,29.14,3200,Debit,7,2,27.6
609,66,Female,127510,88,17,3,15,16,422.65,4144,Debit,3,1,21.79
610,52,Female,128295,49,13,1,13,4,221.83,3747,Credit,8,2,33.74
611,65,Male,43196,19,9,4,9,13,174.49,2836,UPI,7,3,12.09
612,53,Male,125823,89,12,3,6,19,275.51,292,Credit,6,1,51.72
613,35,Male,33669,85,30,7,12,2,50.22,1651,Credit,6,2,16.21
614,66,Female,57380,12,29,3,19,4,379.54,4631,Cash,2,2,14.36
615,56,Female,144398,61,2,6,27,15,293.31,4406,UPI,5,3,29.36
616,49,Female,130677,41,29,2,28,17,97.36,536,Debit,4,3,30.43
617,41,Male,135886,33,5,7,4,16,98.17,2686,Cash,0,2,13.69
618,40,Male,146753,50,28,4,28,10,96.2,233,Credit,2,2,17.04
619,49,Female,68320,68,7,5,2,16,33.22,2652,UPI,0,3,11.01
620,54,Female,67414,71,32,7,14,15,295.96,2374,Debit,3,2,43.39
621,29,Male,123542,86,16,3,3,1,420.97,2272,Debit,9,1,46.44
622,66,Male,35577,33,10,5,14,3,13.66,966,Credit,2,3,28.28
623,30,Male,145354,81,12,3,13,6,29.26,889,Debit,3,1,43.13
624,40,Male,108009,24,10,5,19,1,288.52,3863,Debit,8,1,44.42
625,42,Female,146365,61,30,4,18,5,410.65,3400,UPI,2,3,9.16
626,52,Male,75409,61,27,2,12,16,166.74,34,Cash,5,2,58.0
627,58,Female,48625,98,5,4,9,6,178.06,4542,UPI,5,2,49.44
628,47,Female,101040,28,15,6,20,4,300.19,3523,Cash,6,1,13.06
629,34,Female,44089,58,3,1,4,4,140.74,1763,Cash,8,1,11.98
630,66,Male,56487,43,34,2,26,19,18.17,3291,Cash,6,1,8.41
631,37,Male,85838,41,25,4,22,15,368.94,2488,Debit,0,1,9.16
632,65,Male,116999,39,11,6,19,18,314.7,2700,UPI,7,2,45.14
633,42,Male,130448,86,10,1,28,8,292.47,1558,Debit,4,1,28.71
634,39,Female,114795,49,36,6,19,4,372.13,4690,Credit,8,2,47.19
635,30,Male,70138,17,24,3,24,7,339.24,2276,UPI,9,1,45.03
636,36,Male,62823,98,17,3,5,8,106.91,4006,Cash,4,3,36.67
637,66,Female,57208,70,18,5,3,4,179.48,4439,Debit,4,1,41.5
638,53,Male,74061,70,22,2,1,9,67.42,1103,Debit,1,1,2.08
639,29,Female,50659,98,37,3,21,1,69.28,1419,UPI,2,1,19.39
640,58,Female,149824,65,17,7,15,8,339.72,1478,UPI,9,2,38.63
641,36,Female,121376,74,25,6,17,10,430.01,3914,Cash,8,2,1.55
642,29,Female,51890,85,5,2,4,3,481.55,3742,Cash,6,2,2.95
643,26,Female,99134,5,3,7,21,1,316.03,2956,Credit,0,2,51.26
644,24,Female,67055,2,28,3,3,5,96.13,1382,Cash,2,1,41.36
645,45,Female,132269,22,33,5,29,13,57.3,2574,Debit,1,2,16.66
646,31,Female,39508,57,16,4,12,0,407.36,3384,Credit,0,2,41.59
647,48,Male,62287,66,15,5,18,17,291.48,1569,Credit,8,1,47.75
648,69,Male,98916,74,1,7,22,6,311.05,1894,Credit,7,1,19.1
649,36,Male,46984,98,33,1,1,0,391.82,2243,UPI,4,1,3.13
650,64,Male,130169,16,7,3,12,0,353.12,1866,Cash,1,1,56.03
651,33,Female,28125,51,12,7,10,0,418.06,28,Credit,0,2,21.37
652,22,Male,56059,39,7,1,29,3,32.83,705,UPI,6,1,7.28
653,52,Female,89569,86,29,1,21,3,375.02,1020,UPI,1,1,30.02
654,29,Male,123409,76,31,6,28,17,426.17,2063,Credit,0,1,46.34
655,42,Male,37087,88,35,2,3,10,146.64,1446,Credit,1,3,14.08
656,69,Male,126437,40,29,6,21,0,322.02,3664,Debit,6,3,16.9
657,38,Female,135262,38,0,3,19,9,160.51,2987,Credit,6,1,15.32
658,53,Male,25704,60,38,1,19,8,479.2,3602,Debit,9,1,59.51
659,40,Female,80576,59,16,7,14,3,21.54,3685,Credit,5,1,12.65
660,33,Female,93384,10,19,4,3,5,292.0,3368,Credit,4,2,34.96
661,56,Male,107128,99,23,1,8,15,87.42,3581,Cash,2,1,55.59
662,62,Male,131279,64,21,7,6,1,357.55,2762,Credit,2,2,9.67
663,59,Male,92460,63,28,4,18,17,92.07,4037,Credit,8,2,58.28
664,56,Female,47208,49,21,6,18,9,121.51,572,Debit,3,3,56.9
665,31,Male,138516,64,8,6,5,16,249.71,4088,Debit,8,1,53.19
666,48,Female,149612,32,36,2,5,12,457.84,614,Cash,3,3,13.66
667,22,Female,105150,7,9,7,19,17,109.8,4050,Credit,1,3,38.41
668,52,Male,86024,21,35,1,14,12,76.4,325,Credit,3,1,45.89
669,40,Male,59882,20,36,5,14,16,380.69,3740,Debit,5,1,59.18
670,46,Female,45923,26,27,6,24,4,252.81,358,UPI,5,1,11.65
671,60,Female,146561,68,27,6,19,10,456.33,3777,UPI,4,1,46.2
672,28,Female,134044,86,20,2,8,6,77.57,2371,UPI,0,1,20.99
673,35,Male,121477,15,23,4,3,9,324.73,1721,Debit,2,2,11.36
674,64,Female,49165,85,39,2,17,16,120.28,1349,Debit,4,2,25.86
675,29,Male,87203,79,1,1,17,14,82.6,3696,UPI,5,3,47.84
676,26,Female,111749,86,7,7,4,17,343.3,3896,UPI,0,1,28.43
677,27,Female,24114,92,26,3,19,18,298.87,4260,Credit,8,3,32.71
678,61,Male,84965,14,21,3,22,1,378.64,1596,Debit,2,1,59.71
679,34,Female,56321,27,36,7,29,3,158.18,1627,Debit,9,3,24.55
680,55,Male,93297,40,26,4,10,2,226.75,2502,UPI,2,1,37.31
681,24,Male,116652,58,28,6,4,6,205.71,3808,UPI,1,1,22.55
682,63,Female,119304,28,2,4,21,17,492.12,192,Cash,7,3,24.17
683,30,Male,133942,26,12,6,25,9,149.66,2674,Debit,2,1,42.04
684,57,Male,45426,63,9,6,3,6,150.93,3845,Cash,5,2,56.34
685,59,Female,37772,66,35,3,28,7,180.5,2577,Credit,1,2,33.0
686,26,Male,123754,25,8,4,11,5,284.47,91,Cash,6,2,46.34
687,67,Male,23712,3,26,2,1,0,129.9,4234,UPI,3,2,6.26
688,44,Male,21367,72,33,6,12,3,458.07,480,Debit,8,2,13.46
689,19,Female,126493,44,0,5,9,13,136.51,2916,Debit,9,1,30.63
690,22,Male,127317,97,31,5,8,16,448.43,4435,Cash,8,2,2.18
691,46,Female,135142,42,24,2,9,19,56.22,1075,Cash,6,3,15.92
692,54,Female,111736,99,28,5,6,17,330.0,2513,Credit,7,1,31.53
693,55,Male,71924,6,6,1,3,10,453.96,798,Credit,2,1,1.88
694,36,Male,23726,39,2,6,18,13,88.53,4570,UPI,4,2,16.61
695,25,Male,109152,52,19,2,9,8,484.32,3949,UPI,1,2,31.33
696,65,Female,47723,23,19,4,29,14,229.18,604,UPI,9,2,34.82
697,62,Male,146969,89,29,6,2,11,473.13,2979,Cash,6,1,55.62
698,18,Male,123110,50,34,2,24,9,340.03,4916,Cash,7,2,39.08
699,39,Male,120494,43,34,3,20,18,154.29,597,Debit,8,1,25.47
700,69,Male,29108,19,38,4,28,18,98.21,1532,UPI,6,2,55.89
701,34,Male,97714,69,26,3,18,5,155.35,513,Cash,9,3,47.31
702,24,Female,55643,51,25,6,20,19,51.04,1877,Debit,9,1,12.8
703,42,Female,51324,11,13,4,1,5,76.21,3972,UPI,7,2,8.72
704,62,Male,123896,12,16,5,26,7,56.81,3843,Credit,8,3,40.87
705,21,Male,103360,74,17,2,19,0,214.36,1699,Credit,5,2,34.03
706,53,Male,130896,8,28,6,9,16,398.81,1029,Cash,9,3,47.59
707,23,Male,28927,24,19,1,1,16,74.98,4595,Debit,1,2,44.59
708,48,Female,113680,92,26,4,1,14,69.51,716,Credit,1,3,37.89
709,36,Male,116546,41,17,4,27,6,323.5,4086,Debit,3,1,59.2
710,61,Female,42443,36,3,7,23,18,102.61,665,Debit,8,1,32.48
711,56,Female,99973,85,0,6,16,2,53.32,2208,Credit,6,1,7.67
712,44,Male,83449,72,0,6,15,10,87.59,1079,Debit,1,2,49.87
713,27,Female,129834,55,25,3,15,19,462.25,227,Credit,7,3,15.86
714,43,Female,125314,9,19,7,13,18,411.63,148,Cash,6,1,46.86
715,36,Female,96743,47,22,5,6,8,180.26,1069,UPI,8,2,57.47
716,56,Female,141805,15,9,3,20,9,329.63,4727,UPI,7,2,42.11
717,20,Male,80233,48,10,7,10,1,270.95,1363,Cash,2,2,36.17
718,62,Male,45537,82,4,3,23,0,340.18,4508,Credit,0,1,28.16
719,30,Female,121293,42,0,5,0,15,342.92,1755,Credit,1,2,22.5
720,67,Male,97576,60,16,7,10,17,316.22,519,Credit,1,1,21.83
721,45,Male,127522,84,21,7,22,16,136.72,3544,Credit,3,1,38.55
722,37,Male,42612,70,33,1,20,5,24.31,2322,Cash,5,3,45.33
723,45,Male,113977,12,28,3,3,13,230.51,1102,UPI,3,1,41.03
724,25,Male,26471,2,3,3,6,14,446.03,597,Debit,8,1,12.71
725,58,Female,55631,7,4,4,25,13,286.9,3273,Debit,3,3,30.15
726,56,Male,148449,80,10,5,14,2,417.03,4049,UPI,5,1,47.71
727,18,Male,128997,3,20,2,17,18,495.85,2605,Cash,5,2,29.07
728,20,Male,112059,3,34,1,11,11,85.99,2188,Debit,9,1,32.66
729,30,Male,51348,27,11,7,16,1,347.43,4825,UPI,9,1,46.5
730,45,Female,84732,40,25,7,0,2,338.78,588,Cash,0,1,40.01
731,66,Female,21177,33,18,7,10,17,490.08,4472,Debit,7,1,25.15
732,42,Female,24760,92,6,1,27,0,492.87,1407,Credit,2,2,53.83
733,50,Female,52779,1,6,7,0,19,344.91,4846,Credit,5,2,10.59
734,55,Male,41636,8,25,7,14,5,125.59,4722,Cash,2,2,59.74
735,23,Female,101889,32,39,5,27,4,400.29,3390,Credit,1,3,8.01
736,61,Male,73551,48,4,6,20,0,57.98,3440,Cash,4,1,1.88
737,62,Male,31556,4,20,6,9,18,391.45,1629,UPI,0,2,53.51
738,49,Male,47598,94,13,4,6,0,455.55,994,UPI,8,2,15.45
739,62,Male,31563,70,3,4,1,15,194.5,4798,Debit,6,3,44.05
740,64,Male,66819,19,22,7,9,11,317.16,2059,Cash,2,1,48.85
741,38,Female,129326,32,19,5,23,7,217.92,4572,Debit,3,2,51.68
742,33,Female,93770,9,14,7,3,15,221.69,2986,Debit,5,3,59.5
743,38,Female,111055,12,28,4,11,0,158.63,400,UPI,2,1,18.35
744,28,Female,46966,11,7,1,18,3,382.25,2855,Debit,6,3,42.9
745,54,Male,140133,46,18,1,25,9,468.41,2224,Credit,5,1,7.81
746,53,Female,101709,16,38,2,10,10,470.67,3412,Debit,8,2,25.0
747,52,Male,79889,1,27,6,7,16,91.52,56,Cash,4,3,51.03
748,36,Female,46987,63,26,5,17,6,438.0,1875,Credit,3,2,22.69
749,37,Male,98714,21,3,3,10,11,370.03,4543,UPI,2,2,35.87
750,35,Male,124874,30,14,6,10,6,130.15,4298,Cash,9,1,30.72
751,64,Female,78348,13,34,3,12,11,38.31,3768,Credit,0,3,39.11
752,58,Male,44596,34,36,2,2,14,137.66,4833,Cash,2,2,58.4
753,66,Male,53174,4,0,2,11,1,456.54,4297,Credit,2,1,4.29
754,31,Female,84106,28,2,7,2,13,318.42,1353,Cash,6,2,34.86
755,32,Male,127510,95,23,4,9,12,361.92,2410,Cash,6,2,51.92
756,48,Female,89967,59,26,2,26,3,132.29,4987,Credit,0,1,29.4
757,18,Female,79182,27,39,2,16,13,361.1,4311,UPI,2,1,5.63
758,20,Female,113300,69,35,3,21,13,18.92,2602,UPI,7,1,34.07
759,33,Male,107163,25,33,4,1,15,190.78,2934,Cash,8,2,20.59
760,40,Male,59310,3,28,2,16,6,315.24,22,Cash,6,2,10.14
761,28,Male,76088,97,23,6,15,18,77.32,2202,UPI,6,2,51.09
762,29,Female,148803,68,23,2,1,1,412.39,1209,UPI,7,3,31.77
763,27,Male,28906,25,3,4,27,9,121.34,2296,Debit,5,3,56.06
764,49,Female,56914,20,2,7,21,17,327.88,748,UPI,2,2,48.55
765,33,Female,130350,34,33,5,29,16,205.57,804,Cash,0,1,41.89
766,25,Male,65379,26,22,4,19,4,300.04,133,Credit,6,2,1.3
767,55,Female,98612,5,22,3,5,11,58.19,4416,UPI,0,2,26.24
768,29,Male,134828,99,4,5,27,5,13.37,2437,Debit,0,2,12.65
769,41,Male,147445,61,30,6,24,8,455.23,433,Debit,8,2,54.74
770,45,Male,57650,92,5,1,28,19,138.47,4968,Debit,9,1,11.3
771,25,Male,66881,93,36,4,9,0,410.74,3671,Credit,6,3,17.88
772,45,Male,66413,9,9,7,27,14,499.68,3736,UPI,3,1,31.49
773,53,Female,26012,50,39,3,9,5,109.66,4039,UPI,5,2,16.54
774,43,Female,70115,6,6,6,7,18,136.26,2098,UPI,0,1,13.38
775,25,Female,27151,83,38,5,0,17,333.12,2917,Credit,6,3,36.35
776,67,Male,77716,60,37,6,12,5,482.9,252,Credit,5,1,6.25
777,45,Male,113747,44,20,4,23,12,458.33,4834,Cash,3,1,4.43
778,45,Male,112653,11,19,2,8,0,253.92,1129,Debit,6,1,22.96
779,54,Female,56378,66,2,7,21,12,398.58,3264,Debit,2,1,43.52
780,58,Male,62652,47,21,4,9,6,72.19,301,UPI,0,1,33.73
781,53,Female,92430,73,3,1,14,14,488.83,1977,Credit,3,2,25.95
782,44,Female,33467,85,27,4,4,11,482.35,2763,Credit,2,2,34.38
783,34,Male,51010,88,11,5,21,0,86.05,4005,UPI,0,1,22.56
784,26,Male,148647,98,37,5,15,14,153.21,3241,UPI,1,1,56.23
785,50,Female,141999,86,35,4,12,3,54.58,3057,Cash,4,3,4.24
786,37,Male,134793,3,4,5,21,12,139.5,550,Debit,7,2,40.73
787,30,Female,74691,76,12,2,24,4,408.9,1587,Debit,0,2,53.59
788,45,Male,84157,92,22,6,19,1,192.27,1822,Debit,3,2,48.43
789,65,Male,128177,30,29,4,17,0,48.76,3217,Cash,3,1,11.86
790,46,Female,32289,90,36,7,10,15,174.4,3496,UPI,4,1,18.46
791,30,Male,64976,21,24,2,26,5,490.78,4409,UPI,6,1,43.31
792,63,Female,63596,28,26,6,8,15,316.69,4279,Debit,7,3,5.97
793,52,Male,43171,90,13,7,15,13,211.0,712,Debit,5,3,48.9
794,23,Female,120441,62,35,7,1,2,87.44,2175,Cash,0,2,43.42
795,35,Female,146296,33,38,7,25,14,493.16,4072,Credit,6,1,44.05
796,68,Male,106365,85,15,6,24,2,411.32,3849,Credit,2,1,6.91
797,22,Female,138218,35,21,2,1,1,144.33,2433,Debit,5,1,43.35
798,64,Male,119590,52,20,7,11,0,39.68,3301,Cash,7,2,41.11
799,42,Male,134014,34,20,7,7,8,33.03,270,Debit,6,1,50.02
800,19,Male,64139,41,7,3,8,8,64.59,1794,Credit,9,3,3.45
801,27,Female,68713,51,15,4,11,6,292.48,4906,Debit,5,1,2.36
802,47,Female,49734,47,30,6,25,2,464.74,2462,Credit,8,3,23.01
803,67,Male,92588,82,9,6,8,17,250.89,4293,Credit,8,3,9.78
804,62,Male,83646,58,31,5,9,10,422.26,3394,Credit,0,3,33.94
805,22,Female,23654,75,33,6,24,6,225.71,1079,UPI,0,2,55.12
806,50,Male,109022,57,8,2,1,8,355.75,2878,UPI,0,2,24.1
807,18,Male,38743,23,16,6,15,0,367.28,4723,Debit,7,2,50.85
808,35,Female,68368,48,10,3,19,13,91.11,603,Credit,9,2,1.01
809,49,Male,110025,22,31,4,6,19,183.8,1585,UPI,6,2,10.94
810,64,Female,94172,17,9,4,27,5,320.46,3057,Debit,2,3,2.79
811,66,Male,26441,69,21,6,1,6,39.99,3985,Debit,1,2,20.36
812,28,Female,139735,11,16,7,0,9,183.96,4689,Debit,3,3,54.58
813,38,Male,44611,94,3,1,18,6,269.73,1395,Debit,2,3,6.72
814,43,Male,139891,15,24,1,27,1,498.13,3688,Debit,6,1,36.78
815,42,Female,127971,91,20,7,3,3,239.89,599,Cash,9,1,27.64
816,39,Male,32149,35,36,7,23,16,408.95,513,Credit,7,2,56.37
817,44,Female,120102,33,37,7,21,0,218.87,1066,Debit,5,2,8.23
818,66,Male,79189,84,0,2,26,9,399.21,2886,Cash,2,3,13.51
819,30,Female,127904,16,24,1,1,18,299.73,2653,Credit,5,2,2.74
820,50,Female,41675,34,35,7,24,14,443.86,4905,UPI,1,2,26.6
821,51,Female,91031,66,16,2,13,9,208.42,1088,Debit,6,2,17.39
822,58,Female,62668,99,23,5,1,18,304.13,4385,Cash,9,1,52.32
823,52,Male,33673,40,1,2,28,11,316.86,4864,UPI,6,2,36.69
824,18,Male,149582,28,39,1,14,15,211.6,2514,Cash,3,3,37.23
825,38,Female,96666,47,14,6,11,8,76.43,3969,Credit,7,1,32.38
826,65,Female,108204,39,31,5,4,14,51.31,3284,Credit,3,2,6.42
827,23,Female,100758,70,38,1,27,16,13.25,4566,UPI,6,2,27.26
828,45,Male,85429,73,5,2,19,13,437.4,2196,Cash,3,1,59.97
829,34,Male,43669,20,0,3,28,17,122.06,4183,Debit,4,1,50.28
830,22,Male,54068,1,22,4,6,1,109.7,789,Debit,6,3,53.71
831,48,Male,108789,72,38,1,23,3,369.34,3475,UPI,9,1,49.57
832,22,Female,29435,87,16,7,20,17,163.41,3153,UPI,2,1,7.08
833,55,Female,114088,63,33,2,9,6,255.49,1664,UPI,9,1,14.42
834,20,Female,72249,67,28,7,13,12,85.44,1309,Cash,4,2,1.18
835,40,Male,57384,4,8,7,13,14,480.07,864,Debit,2,2,18.91
836,54,Male,148782,58,12,7,4,0,426.53,3863,Debit,4,2,7.41
837,54,Male,101929,25,5,7,17,10,432.58,3363,Debit,2,1,28.89
838,27,Female,147959,47,5,7,23,9,206.35,3524,UPI,9,3,40.95
839,27,Female,96153,38,19,5,13,4,382.37,3786,Debit,6,1,52.6
840,36,Male,124056,15,2,1,1,15,76.22,23,Credit,0,1,45.2
841,34,Female,95388,63,16,1,25,10,9.27,3003,UPI,8,2,56.38
842,38,Male,51401,21,11,4,11,5,14.89,310,Debit,8,1,4.18
843,31,Male,145511,99,0,2,21,8,295.37,1231,Cash,4,3,1.72
844,26,Female,91831,57,16,3,23,12,230.42,3788,UPI,8,3,40.02
845,63,Male,139503,53,2,5,5,7,261.42,2711,Credit,9,1,18.07
846,18,Female,135760,46,25,2,3,13,8.69,4801,Credit,5,3,15.96
847,68,Male,121529,14,14,5,12,0,214.23,421,Cash,4,3,20.52
848,62,Female,147834,100,35,1,3,16,360.44,1773,Cash,2,3,16.92
849,30,Female,54084,76,31,7,21,4,224.13,3568,UPI,7,1,31.17
850,21,Female,140387,17,31,4,13,1,367.45,946,UPI,3,2,26.97
851,18,Male,130641,39,3,4,15,8,120.34,1186,Credit,9,1,31.23
852,66,Male,125111,9,17,6,28,3,407.51,1834,Cash,2,3,40.69
853,57,Female,75826,99,18,3,3,16,296.27,1564,UPI,5,1,23.84
854,49,Female,56451,77,34,4,23,16,109.33,4944,Credit,7,2,15.83
855,51,Male,27227,79,39,7,24,17,122.18,1947,Cash,8,1,10.81
856,45,Male,51910,82,13,1,0,15,315.88,1308,Credit,5,1,21.62
857,48,Male,56041,97,32,3,12,7,415.82,2986,Debit,4,2,44.77
858,25,Female,108920,6,13,2,3,10,210.74,386,Cash,1,3,45.65
859,56,Male,85681,91,33,7,19,17,132.86,1161,UPI,1,2,40.35
860,43,Male,123314,23,3,7,17,9,434.17,3258,UPI,8,3,14.81
861,51,Female,101571,59,23,4,5,12,336.29,4811,Debit,1,1,35.7
862,20,Male,85481,91,28,3,2,16,226.8,3933,Cash,1,2,34.67
863,67,Male,88576,98,18,1,22,17,246.51,2847,Credit,2,2,29.57
864,29,Male,127958,46,5,6,12,9,106.11,4521,UPI,2,1,33.45
865,18,Female,149265,38,32,5,26,15,315.27,1439,Debit,3,2,30.02
866,61,Female,147556,14,39,5,15,19,182.58,3442,Debit,6,2,34.36
867,22,Female,84174,100,18,1,26,4,497.84,4480,Cash,8,2,43.21
868,47,Female,46160,72,0,1,4,12,242.69,55,Cash,1,2,7.47
869,47,Female,135170,62,4,5,3,17,245.51,3324,UPI,3,2,45.23
870,34,Female,137867,35,26,6,20,16,285.1,105,Debit,8,1,9.02
871,65,Female,37633,19,15,3,7,8,458.79,3201,Credit,1,1,4.93
872,64,Male,114880,30,5,5,18,13,401.4,669,Debit,9,2,58.59
873,40,Male,37014,78,39,1,13,16,228.31,4471,Credit,0,1,57.46
874,32,Female,100532,84,12,4,6,3,360.76,742,Credit,9,1,4.57
875,54,Male,69104,25,34,2,13,17,295.19,966,UPI,7,2,27.15
876,38,Male,61621,40,18,6,5,19,248.72,307,Debit,8,2,11.99
877,31,Female,97231,88,11,7,11,14,100.2,2138,Credit,6,1,29.64
878,19,Male,88388,14,15,6,15,10,234.65,3464,Cash,7,2,49.98
879,28,Male,36014,26,9,4,16,11,126.68,4897,Credit,3,2,57.09
880,68,Male,112578,87,24,4,12,8,457.85,109,Cash,3,1,38.42
881,56,Male,53755,22,19,7,22,12,171.03,3632,Cash,1,3,21.88
882,55,Male,60390,48,30,1,13,14,476.37,4435,Debit,7,2,36.6
883,51,Female,43711,83,3,5,28,14,268.86,1915,Cash,1,2,19.41
884,55,Female,111658,51,22,3,6,4,317.61,4263,Credit,8,2,54.68
885,67,Female,77993,3,1,6,13,18,273.76,556,Cash,3,1,52.35
886,51,Male,94696,42,21,7,14,19,69.04,104,Debit,0,2,33.94
887,35,Female,47213,19,36,6,11,13,191.03,2047,UPI,3,1,20.16
888,47,Male,135788,73,7,4,16,16,54.08,145,Credit,2,3,18.31
889,32,Male,124956,28,6,5,8,17,313.36,2763,Credit,5,3,2.97
890,44,Male,77784,84,13,6,21,2,226.2,873,Debit,6,2,49.13
891,68,Male,27421,45,2,3,14,1,390.1,298,Debit,7,1,27.57
892,51,Female,106936,71,15,4,11,0,114.13,3238,Debit,1,1,20.18
893,69,Female,119073,78,18,3,1,9,86.46,645,Debit,5,1,28.8
894,55,Male,37727,63,17,5,4,18,206.13,4733,Credit,5,2,49.31
895,50,Female,132418,73,15,6,12,16,463.66,3078,UPI,9,1,8.35
896,41,Male,24358,19,7,2,26,11,356.66,2511,Cash,4,2,51.6
897,32,Female,85108,47,32,6,19,0,212.37,783,Cash,9,1,53.95
898,47,Female,146609,14,11,5,22,11,261.05,4992,UPI,9,3,56.86
899,59,Male,114018,38,10,6,7,16,46.69,370,UPI,6,1,24.45
900,68,Female,144457,53,4,7,26,2,492.37,486,UPI,2,3,13.81
901,34,Male,52117,61,26,6,13,10,334.87,2037,Debit,3,3,23.04
902,22,Female,108700,36,11,1,14,16,146.28,3196,Credit,9,2,20.64
903,46,Male,51910,40,16,6,10,2,294.98,1360,Credit,8,2,11.39
904,21,Male,146888,81,5,6,0,7,59.19,4287,Credit,3,2,36.83
905,27,Female,118032,30,32,3,20,19,483.09,4825,Debit,2,2,29.12
906,34,Female,75754,9,4,2,2,3,91.52,2261,Credit,1,1,52.08
907,27,Male,82438,64,27,3,16,6,325.78,2621,Debit,4,1,2.89
908,34,Female,129847,33,13,3,27,13,126.5,956,Credit,3,2,38.99
909,37,Female,49371,52,4,4,18,13,360.19,380,UPI,7,2,46.01
910,41,Male,71501,89,32,1,13,3,389.53,3649,Cash,6,2,45.81
911,22,Male,80946,14,18,3,21,15,338.34,4893,Cash,5,1,53.28
912,51,Female,58467,75,21,7,29,0,309.18,238,Debit,1,1,44.01
913,23,Male,37625,53,4,5,22,16,446.77,1105,Credit,2,1,55.74
914,19,Male,53893,99,1,7,7,9,43.92,1386,Cash,9,1,20.63
915,30,Male,96329,59,29,5,12,15,168.8,2552,UPI,8,1,30.69
916,60,Female,51007,78,38,6,26,15,127.9,2249,UPI,8,1,1.83
917,60,Female,111302,94,3,4,19,7,494.07,1527,UPI,4,1,1.41
918,65,Male,59532,41,32,1,2,6,197.75,1667,Debit,2,3,15.17
919,28,Female,74253,68,12,7,4,5,367.64,4132,Debit,1,1,6.95
920,68,Male,32323,68,19,1,8,15,343.94,2691,Credit,7,2,16.35
921,64,Female,131335,92,6,7,28,19,109.98,3672,UPI,5,1,11.45
922,40,Male,132356,8,14,6,5,15,123.3,1996,Credit,9,3,2.68
923,33,Male,130944,2,22,5,24,6,144.24,1425,Credit,6,2,54.65
924,48,Female,93379,86,13,2,21,8,208.51,2812,UPI,0,1,1.49
925,28,Male,34210,41,22,4,1,13,120.99,3247,Credit,0,2,44.43
926,33,Female,36456,55,18,7,12,10,14.73,2592,Cash,9,1,9.98
927,25,Female,51367,16,28,7,4,13,440.3,1490,Debit,1,2,54.82
928,21,Male,74624,93,19,6,27,6,482.98,1224,Credit,9,1,53.67
929,57,Male,30106,62,28,4,26,0,174.08,2587,UPI,2,3,39.58
930,21,Female,123493,48,23,5,24,12,172.56,3064,Debit,0,2,40.66
931,42,Male,88008,30,17,5,7,19,8.51,832,Debit,4,1,1.32
932,20,Male,145926,12,9,7,22,2,341.72,4692,Credit,2,2,59.11
933,49,Male,135395,35,7,2,0,19,413.59,2440,Cash,0,1,52.79
934,20,Male,136492,11,25,2,19,3,77.57,4795,Credit,7,3,53.81
935,44,Male,92240,64,28,1,11,10,84.03,1646,Cash,5,2,39.9
936,46,Female,84315,50,9,4,22,1,396.09,440,Debit,8,2,21.34
937,49,Female,89249,85,16,4,10,13,310.06,1529,Credit,2,1,53.73
938,67,Male,90587,21,1,5,6,11,27.21,2965,UPI,8,3,18.2
939,68,Male,30756,69,5,1,14,16,313.16,2367,Credit,8,2,34.2
940,36,Male,88011,48,4,6,21,11,157.91,3286,Cash,0,1,6.88
941,38,Female,56378,20,27,4,23,11,187.52,4663,Cash,2,1,55.4
942,22,Male,24255,67,4,1,10,0,386.02,4331,Credit,5,1,9.31
943,35,Female,34484,44,17,1,28,12,406.41,1304,Cash,7,3,14.27
944,45,Female,145703,33,25,7,21,13,203.18,3034,Debit,3,1,33.93
945,59,Female,76549,73,19,5,25,1,473.84,3688,Credit,4,2,46.08
946,39,Male,54503,61,26,1,15,11,206.2,3973,Cash,8,1,37.54
947,38,Female,144465,9,11,2,2,15,387.06,1185,Credit,5,1,14.7
948,23,Male,93794,68,6,2,19,3,244.52,3262,Credit,6,2,1.06
949,18,Female,145941,35,2,3,13,7,449.28,2107,UPI,6,3,45.67
950,22,Male,126283,81,9,5,2,1,454.34,1840,Credit,3,2,59.13
951,58,Female,120732,98,33,7,0,9,48.27,4320,UPI,3,3,48.78
952,29,Male,65113,88,24,6,25,8,468.56,2747,Cash,3,2,28.15
953,43,Female,125730,96,34,3,20,14,413.64,4677,UPI,4,1,54.32
954,63,Male,94069,65,15,2,14,12,396.7,4264,UPI,4,1,25.18
955,51,Male,118117,8,1,7,0,16,104.45,3133,UPI,7,2,31.97
956,66,Male,25249,45,23,3,16,15,403.53,3420,Debit,8,3,29.15
957,31,Male,145654,87,9,5,1,1,425.82,1465,UPI,1,3,27.41
958,43,Female,139979,47,37,7,28,19,148.13,4109,Credit,6,1,46.74
959,62,Female,39201,40,21,5,19,19,476.37,2211,UPI,0,1,32.08
960,44,Male,145541,76,25,1,5,13,29.68,2804,Credit,0,1,19.69
961,26,Female,78576,54,38,4,7,2,79.21,1543,UPI,3,3,16.23
962,43,Male,138562,76,26,1,28,11,271.1,1689,Debit,9,3,3.23
963,64,Male,145281,46,28,5,15,7,290.02,1571,Cash,6,3,35.41
964,39,Female,29686,47,37,7,18,1,324.35,4541,UPI,1,1,14.57
965,64,Male,132413,15,19,2,0,3,13.4,3279,UPI,1,2,9.74
966,47,Male,73363,19,26,6,2,13,480.38,3541,Debit,0,2,39.58
967,60,Female,117543,26,19,2,27,15,27.07,4811,UPI,9,1,41.19
968,65,Male,20661,52,18,7,2,18,75.82,3023,Credit,1,2,45.38
969,34,Male,64843,93,19,1,4,1,11.94,818,UPI,6,1,30.71
970,43,Male,115673,22,34,6,26,11,285.59,4521,UPI,8,1,53.75
971,53,Male,80963,21,1,7,11,13,466.47,1124,Cash,5,3,56.24
972,18,Female,133092,51,29,5,11,5,334.64,4945,Cash,9,3,48.63
973,25,Female,62828,38,33,2,19,12,412.22,1129,UPI,1,2,38.5
974,66,Female,68604,20,21,5,12,3,11.57,1702,Debit,9,2,18.92
975,52,Male,30526,29,2,6,19,17,273.3,2001,Cash,9,1,58.99
976,69,Male,88910,51,5,6,8,11,232.48,3878,UPI,8,2,17.17
977,32,Female,45592,4,14,2,6,19,251.99,4372,Cash,6,3,12.96
978,64,Male,48982,55,26,5,3,18,40.75,1806,UPI,0,3,27.09
979,39,Male,20207,71,9,3,18,7,343.8,2947,Cash,8,2,4.35
980,31,Male,120969,92,8,5,21,6,254.09,3209,Cash,1,1,58.73
981,43,Male,137181,28,32,6,18,15,383.75,2152,Credit,3,1,35.72
982,45,Female,108733,4,31,5,5,18,245.22,4641,UPI,8,2,33.86
983,40,Female,118936,22,5,7,26,5,78.94,4205,UPI,3,1,39.69
984,31,Female,144982,76,35,1,12,19,325.89,544,UPI,2,3,30.32
985,41,Male,145839,45,1,3,10,10,90.33,2401,UPI,0,1,2.89
986,19,Female,88619,67,28,4,12,4,436.84,4838,Cash,6,1,37.13
987,62,Female,49328,86,3,7,12,15,308.49,2364,Credit,5,1,43.25
988,43,Male,66479,66,0,1,27,6,82.82,1289,Credit,9,3,25.59
989,31,Male,128427,88,18,4,24,4,481.36,3765,Debit,3,1,45.68
990,68,Female,40103,34,25,2,21,10,261.59,1875,UPI,5,2,14.39
991,24,Female,59891,91,24,4,27,14,41.08,4428,Debit,5,2,14.06
992,20,Female,30754,55,9,7,19,2,315.28,4687,Cash,3,1,10.52
993,64,Female,119983,1,14,5,14,4,130.33,782,Debit,5,2,22.95
994,40,Male,101437,72,21,7,20,4,402.83,539,UPI,9,2,50.97
995,63,Female,118540,87,20,4,12,8,409.82,2782,Credit,7,2,49.85
996,60,Female,92982,38,21,6,21,14,489.58,2668,Credit,2,3,23.59
997,64,Male,122747,6,35,1,10,2,253.43,4714,UPI,3,1,35.76
998,62,Female,75922,86,33,1,18,5,230.2,3937,Cash,9,1,43.53
999,35,Male,68231,25,29,4,7,16,377.97,2956,UPI,0,3,15.23
1000,55,Male,49301,82,24,1,19,7,70.57,3722,Cash,3,1,10.92
